"","V1","V2","V3"
"1",1.88044048198304,0.0951396953082587,0.362512914385171
"2",4.20678691102008,2.18164363907832,1.31959868255795
"3",5.41082770248608,1.94136369362087,1.2900480085737
"4",3.14541370446473,0.747671641346159,1.02758555330661
"5",1.98071524299658,0.0104212713189129,1.75301675225559
"6",3.35346637244563,1.7340026302577,2.1702994580234
"7",6.25805635750845,3.78237411571856,3.93517190503785
"8",10.6640867468729,5.16212433963935,5.9061446433957
"9",10.0139967032766,6.67783363817913,7.25926377364217
"10",7.85211623188444,5.37266758321685,5.65229909408392
"11",7.71161073096,6.87997161469596,5.96281699743489
"12",8.12388743208688,6.19035098420295,5.25635682306981
"13",7.84117440894198,6.41201047396723,6.05650857137885
"14",8.44441833786201,6.53114510176169,7.04618779889089
"15",11.4275899529102,9.70063712711268,9.48400883004892
"16",9.45926845497321,7.89254389054815,8.39583066843616
"17",9.63065996024936,9.33263839565192,8.64529608911849
"18",8.41725579808076,7.53897320704583,8.43172527352582
"19",8.29612420782895,7.26139167600786,8.61304185663681
"20",9.40318719022352,8.83347344972415,9.08197029034351
"21",5.65351165680549,6.98555931159871,7.36668796869694
"22",6.26512827820035,6.95468195393413,7.83515327760526
"23",10.0545507605026,9.15043464181839,8.52186165676468
"24",12.6296444284603,8.51451524188854,8.20421422584537
"25",12.0623434083275,9.62264209075352,9.5752835595429
"26",10.8847308216662,9.02294129822964,8.90829252602515
"27",10.2441193228648,9.02933068965167,9.02526625403671
"28",9.20350069216784,7.2967043902131,8.15714036409057
"29",10.6783975622768,7.71985538287125,8.23515955852254
"30",12.015136050619,9.65948670074875,8.75768934103188
"31",7.73618457781024,7.62541165671519,7.68219227109759
"32",8.56302639596998,7.99149571184544,7.86459566723824
"33",6.2019427702968,5.66458555662242,5.65612927605749
"34",1.00810734227063,5.88727609151949,4.72419203982176
"35",-2.45372305864779,4.0536869887654,3.96016965776707
"36",0.0795646906662157,2.99763817575126,2.47184862625887
"37",1.97536815513243,3.45819725653273,4.0911693840371
"38",3.82578276114461,3.64775283100834,4.23653838772607
"39",2.31139403317106,4.84446972795663,5.65547329194155
"40",4.54441322814101,6.52712664505542,5.48998463633852
"41",4.4426351567978,4.81889650492901,4.22678434245702
"42",4.49036339144668,6.63794584704181,6.78663698625476
"43",7.12304865046876,7.5530479549214,7.25177046665048
"44",5.10741939293168,5.75519679483098,5.69117363011216
"45",7.7658874618331,7.31377718196996,6.77933354345222
"46",7.62996160000006,8.79287495892032,8.05628024188741
"47",6.80587595011197,5.90087903350061,5.73779951047377
"48",9.4149129749516,8.30268856418931,7.36845767450512
"49",10.7823403077641,7.3061432044903,7.71936977272038
"50",7.30888514971163,7.77113445784477,7.34858366626557
"51",5.79058682510234,6.34860367970329,5.55177719563315
"52",6.50596279993837,6.88699832498922,6.17632627324773
"53",4.72670823902642,4.14747392882665,4.90501233139013
"54",7.86299930178746,5.93802585589017,6.3218782926029
"55",11.4806745489831,8.62862454512084,8.69338226881414
"56",9.91554805620778,9.66885651783982,9.38535853913935
"57",8.21962754626153,8.63643061872357,8.25635360148208
"58",7.25066758292898,9.00634416322958,8.00509404613965
"59",9.62006116550437,9.25338408921527,8.51536440067268
"60",4.91530210865035,7.20958052161551,7.91335149414265
"61",6.78394364457133,8.76952888481208,8.07141133600728
"62",7.09478766211808,6.8472903557598,7.2299192857063
"63",6.6530332681641,7.4450535070862,7.56248621352935
"64",5.06957554151338,7.86658867866425,7.50811346966986
"65",5.33818879312116,7.67470821386698,8.05692014572395
"66",5.43810868175651,7.34633354297291,7.40309805367979
"67",5.95413119911129,6.32893989614708,6.39336839677676
"68",7.79138594600124,6.50892776457944,6.267953652062
"69",5.12239189165208,6.44213825161065,6.38249210596428
"70",3.42003121314764,5.96961937117444,5.82282367321282
"71",2.55071481205014,5.99999553638902,6.99998613457399
"72",1.71825226249406,5.45255861058128,6.40153935592217
"73",2.59458315911851,7.48023512930152,6.19040340117628
"74",2.86929188803316,4.6372143427903,5.21288702920849
"75",2.86743240802782,6.38133574727565,5.33324761151602
"76",2.83500045321979,5.10306395481036,5.79267673299078
"77",3.80413473391983,6.61457678526485,5.99285713900333
"78",6.31766139657894,5.79373411995368,5.55929545158887
"79",4.61940652597246,4.71286263852483,4.02848917753285
"80",2.09001149322484,5.16419511711818,3.73759468249755
"81",4.66457656488675,4.16898268635395,4.47798065881245
"82",6.16998317929593,5.89373939933388,4.98119611619783
"83",5.90943630191228,5.48274766893898,4.30905925488934
"84",4.04652787540122,3.58789293488278,4.18496553567177
"85",4.13984272226763,4.44905496203203,3.722572747362
"86",4.12696594557337,3.21557516902725,3.28119648603252
"87",3.73466672720202,1.71539511426022,2.56912563148339
"88",3.86726107876932,2.98783707798812,3.17393569975737
"89",4.15502981236993,3.95202172300276,4.09398746116992
"90",1.74539538637756,2.29483576364464,2.77250267341979
"91",2.11858390235399,3.0258982576491,2.6579398609387
"92",4.41231204392857,3.26323086082643,3.66139007981112
"93",4.79376131305694,3.72531737849481,4.01884136655931
"94",1.62323828860148,4.87235294255396,4.90150224970101
"95",3.30076273693146,4.95762676108371,5.29949086231397
"96",5.62663327231495,5.62819001021691,5.89798428985826
"97",5.29683124505874,6.08260487519271,6.3500475187924
"98",7.46261114899948,6.90003350755543,7.58529737732965
"99",6.39554246925915,5.59999797989237,6.16938505893449
"100",5.70029646596579,4.44043360230483,4.94111588646034
"101",4.33988331376079,4.59496782335529,4.27729883741069
"102",6.64889935545134,6.0327789232884,6.09995276136942
"103",7.77880586474998,7.1970262472276,6.04056757889628
"104",7.37547256470984,4.78718243875906,5.32158023300793
"105",7.97839911614377,5.00641583005065,5.4960647713786
"106",8.39868932511881,4.09743683387966,4.86680078144123
"107",6.95551154810227,5.24286872803696,4.45343782016312
"108",5.41258070008769,5.66331241508993,5.52216687702013
"109",3.28726283761908,5.17346095641753,4.88383476823369
"110",3.96214507890343,4.97535914498294,5.72128807592704
"111",7.54923296664652,7.04493447816244,5.8515003282836
"112",4.7749568874921,3.9030190635342,4.66221072806447
"113",5.70508083813538,3.61215671174057,3.64666046920162
"114",2.07573348998447,2.35679357509359,2.67860254757773
"115",-1.39265361164583,1.6187963525989,2.12740628064705
"116",1.13104710947852,0.936351788030294,0.68754636186138
"117",1.90861267539413,0.0737416055447747,-0.57061478500845
"118",2.19811213453874,-0.235728378679468,0.203481617982385
"119",1.79770451673843,-2.40389504418264,-2.20158128262843
"120",2.53563479865997,-2.0134683268583,-2.3950377868024
"121",0.0823649586530406,-4.91522589101527,-3.55484206042323
"122",-3.33700560989954,-4.4141828247365,-4.91117188384777
"123",-5.61190636161878,-4.12373362878081,-5.52609695758524
"124",-9.2935257510326,-5.91667691207592,-6.75827731789406
"125",-8.13457816496081,-4.55232932598298,-5.48958507989557
"126",-7.3571294184839,-6.5171376783199,-5.93498287368851
"127",-9.51814091601815,-5.53463995693641,-5.31425006365444
"128",-8.74916653566209,-5.81043190627132,-5.46658531825228
"129",-10.0809226283168,-5.0218545938867,-5.4401122641457
"130",-8.82464029352436,-4.0312634869847,-4.1019403490708
"131",-8.79792686993135,-5.00855826494417,-4.67358917427748
"132",-9.77551351638861,-6.15487180980394,-6.27660400526239
"133",-8.53416978374046,-6.3299801931999,-5.86549950719189
"134",-7.04613716688682,-5.00754678661382,-4.92792075333406
"135",-5.22561523468028,-3.53757431735654,-4.9760649482472
"136",-5.91677441375937,-5.93674119789758,-5.16710586820355
"137",-4.41135863411326,-4.125193263538,-4.59227728512323
"138",-6.48773154031031,-7.10646020602465,-5.220609624948
"139",-2.47128949432111,-2.69799120137844,-3.44234917827489
"140",-5.01465690310599,-2.53964493707944,-2.9627760921106
"141",-1.87724394503848,-3.59183024787688,-2.58938425309848
"142",0.112184779827309,-2.54152619200476,-2.71829162101442
"143",-3.29174338473534,-2.82757520691853,-2.69396466419246
"144",-1.12125769759358,-2.87264433348229,-2.42550697182317
"145",-0.162877306886886,-2.81410385540236,-2.14301211301755
"146",-2.87417941292808,-3.80899493752519,-3.70771751865913
"147",-4.36031015446261,-5.68278173055368,-4.65427110881639
"148",-5.50613296890915,-4.03991858000988,-5.26218202828269
"149",-5.173160829693,-5.39107817815516,-5.70150239509882
"150",-6.63255633407155,-7.5877428310142,-6.84643267213223
"151",-6.88449054796998,-6.64319497919804,-6.45446798971607
"152",-6.6312408578621,-7.82105087348175,-6.96465953634797
"153",-9.93965428154222,-8.25928932116458,-7.87948317553624
"154",-9.55152325047519,-9.41105111619588,-9.05453135081631
"155",-10.4832743664459,-9.84271015452178,-9.65464065849698
"156",-11.7534211570391,-13.2125653899054,-11.5452438203076
"157",-13.5147744440056,-13.0243845913672,-12.9092742723771
"158",-14.5170553119334,-14.9839807848116,-13.4544514797639
"159",-15.1563189044607,-15.2727490932538,-14.1995114388778
"160",-14.5973106958169,-13.2506168825682,-12.8934358091886
"161",-11.9032073890753,-11.2022797054831,-12.0216280838564
"162",-10.2774941556767,-12.5129626265773,-12.6296517148992
"163",-12.9248268090485,-14.6712327955386,-13.9434653685274
"164",-12.1495115573373,-12.5913717083421,-14.5430603302013
"165",-14.9187054108479,-15.7209897142352,-15.5472334143154
"166",-13.214135757747,-14.0803408922476,-15.4481777284773
"167",-15.3554270682489,-15.2072678729064,-16.3593010768862
"168",-17.2522029402119,-17.1475699348988,-16.4729861396731
"169",-17.368912861244,-16.6919704595957,-17.7023386189899
"170",-17.566963041786,-17.1890157715011,-17.5831420946127
"171",-18.7202769731018,-17.0934711110287,-18.0832308438293
"172",-18.2208660220604,-18.944172287927,-17.6897369162824
"173",-15.0046407365282,-17.4111108988042,-17.1821985681457
"174",-13.5884471720487,-16.5145274339785,-17.107717372197
"175",-14.3622435954653,-16.5403650358196,-15.9150590529623
"176",-12.7050510955421,-15.6929265719242,-16.199937122501
"177",-13.1936205966735,-16.1178268236722,-16.1082553456092
"178",-8.64312007458725,-12.7808234827351,-14.3713738797813
"179",-9.93066344076658,-14.9245331857311,-13.6502073532682
"180",-13.0833273020207,-14.8876878497914,-13.946506562437
"181",-14.5318539359269,-13.905665996817,-14.1257325966591
"182",-13.472817535006,-13.9685148525656,-14.1737700214184
"183",-13.5716722579152,-14.4702992307838,-13.7054497970492
"184",-12.8846600300642,-14.3742891094727,-14.1311550879636
"185",-13.2142713875753,-14.8136538324298,-14.3824284305024
"186",-12.4625325580066,-13.4555742940095,-12.9763681055124
"187",-14.3835475180113,-14.2737605499604,-14.703185438799
"188",-14.855352703185,-15.4688772217698,-15.7144349098652
"189",-13.2683842425938,-15.6743602093641,-16.3708259801164
"190",-14.2365981622187,-17.3034192764324,-16.6912291813792
"191",-13.8638499745238,-18.5438588057023,-19.3818971845144
"192",-18.1886674775741,-19.290474495497,-19.2534080490806
"193",-18.4029752622428,-20.6509526667536,-19.6833329769269
"194",-17.708664776185,-20.3053683082417,-20.167124163774
"195",-19.1539468443713,-19.8879665955394,-20.0627821913105
"196",-20.5029982259523,-20.0481737013686,-19.7552585434013
"197",-19.6770883984869,-18.9977632666316,-18.9776531328798
"198",-20.8209899402892,-18.8524782670239,-18.6931595939549
"199",-18.4681803582376,-17.8055890341444,-18.3610444054325
"200",-18.9182457029739,-17.8952153811232,-18.2044144097068
"201",-19.6163242387957,-16.8013802194708,-17.6882821497907
"202",-18.0918062754178,-17.251308853095,-17.5615796088541
"203",-17.499543169207,-17.3544878071428,-17.0102940359653
"204",-17.4828217226334,-19.0946035040773,-18.1930013709694
"205",-17.9076350315838,-18.0207826119141,-16.6870097978269
"206",-16.1149765809314,-15.6903532700503,-15.4337235803168
"207",-18.5560028528483,-15.6878798833197,-16.0379159304046
"208",-17.5603754379905,-15.3032149006805,-15.146532216148
"209",-16.0939098960314,-15.7998202375259,-15.6227539436403
"210",-15.0714699145225,-14.7799261518407,-14.223692547635
"211",-16.5111855492889,-13.757205301886,-14.8425641313997
"212",-14.0625696962989,-13.65325224575,-13.8880286994813
"213",-12.7526461427954,-13.8384667292359,-14.0545089716759
"214",-12.4022977493414,-14.4287234842013,-14.404548648536
"215",-10.8117652829575,-10.8704563016191,-11.2304236163519
"216",-11.7261987913853,-12.6782184561091,-12.4733558962398
"217",-10.5142124845496,-11.7508416321811,-11.756772697242
"218",-10.0106159244266,-11.8317910551935,-12.2257564346561
"219",-12.6940282033497,-13.0874721650154,-12.2881743786018
"220",-13.0408659026912,-13.6872599768077,-12.4194936319632
"221",-13.4117367195312,-11.8374751520198,-10.8517635491104
"222",-12.705919259788,-11.3662817673889,-11.3215850956823
"223",-15.2429947266914,-13.2261280100092,-13.6526542223123
"224",-14.508229507769,-14.8111995727587,-14.6759729580187
"225",-13.0979039196593,-14.258131829507,-14.4729598200221
"226",-14.8223123793313,-15.9208176092215,-15.4782033394151
"227",-18.0694773503295,-16.4233602344285,-16.2485059825088
"228",-16.2043601672075,-13.9377418972679,-15.2298548210347
"229",-16.5247889513908,-15.2922677558553,-15.6690001723844
"230",-16.119550370238,-17.3954763566233,-16.4447593421357
"231",-14.0975779026038,-16.0988510912646,-15.4957900712407
"232",-17.5887040356378,-15.8791853596937,-15.8864443189112
"233",-18.6737368879338,-16.0325820862216,-15.2328929967396
"234",-19.5772456331785,-15.2513767734082,-15.3677855674411
"235",-16.4591866116274,-13.238481508622,-13.9973730581944
"236",-19.1430931228937,-15.6764873821985,-15.1847433266021
"237",-19.8090198925655,-14.9600410058931,-15.2753306116351
"238",-17.3977354038041,-14.0843988437511,-14.0086473214846
"239",-17.5297855761989,-13.997448050372,-14.267802369633
"240",-18.6070027337775,-15.794127372868,-15.5757840421347
"241",-18.868808741235,-15.2722301598666,-15.0017853320336
"242",-19.4355256475884,-16.5990050191724,-16.2141862393483
"243",-17.7420140202081,-14.8490549993416,-14.9817628990596
"244",-17.4803375922706,-15.2071233079207,-15.5456781183994
"245",-16.2734816945451,-15.5064980699903,-15.6545123498608
"246",-15.7014249308057,-14.7564083533568,-14.5149837527667
"247",-16.4596402108923,-14.0730637084059,-14.5736191526946
"248",-15.682026445218,-13.7347959403063,-14.2390103013928
"249",-15.9027288237849,-14.3459459616374,-14.3645993913284
"250",-14.045239841175,-12.8184953762902,-13.2446887872053
"251",-13.532852676855,-12.5194493029618,-12.5337604085146
"252",-14.003451966929,-13.7766344396145,-13.8348754938308
"253",-14.6897190949257,-14.4537430085942,-14.170886732191
"254",-13.8896017570583,-14.7801255448769,-14.4275930858297
"255",-17.6318850028094,-13.9779616303253,-15.1116791337554
"256",-19.31785427852,-16.3824873269409,-15.5656430583986
"257",-19.1237356676992,-15.6370013145465,-15.0958243850587
"258",-21.0878165775147,-16.4625946571025,-16.2346175524552
"259",-19.2904518171842,-15.7718430027185,-16.8221978366469
"260",-18.3139587379049,-17.0242161602181,-16.7207341876687
"261",-17.0555302131996,-17.774623922751,-17.9049582074039
"262",-17.1126789013983,-18.4457426851241,-17.7707298375992
"263",-18.2240791277554,-19.4345192395098,-18.299577614949
"264",-18.802933791775,-17.9319473178879,-17.2110615836092
"265",-20.0018872557982,-18.5341021301027,-19.123056392711
"266",-19.3202336732276,-20.6291916295086,-18.7710599879644
"267",-18.899303324724,-19.440391060656,-19.5150153582903
"268",-18.1166249954575,-19.6085091863981,-19.7931448293872
"269",-17.9351733079976,-19.1964074596909,-19.8865465435418
"270",-16.6615583392474,-19.9872042075419,-20.0052501581179
"271",-19.5688007696417,-20.9755575548343,-20.5159736380783
"272",-20.5461330218791,-20.9753620282703,-20.5908521653632
"273",-21.6446942023303,-20.1644372560689,-20.833321595789
"274",-22.5370110131087,-20.5527693780892,-20.3317528826777
"275",-17.3819355789697,-19.0748523678391,-19.5371930086185
"276",-17.449116681396,-19.4500987287679,-18.4985488917618
"277",-15.5128054046701,-17.6088532030687,-16.7982069368067
"278",-13.3844949709051,-14.872406908123,-15.5528148246569
"279",-17.3239653462663,-16.0408830021774,-16.994819113925
"280",-17.0618574036713,-15.6998332361429,-15.6361430581641
"281",-17.0630852818968,-14.444576411689,-14.848711187351
"282",-15.6806421011628,-14.7845874508715,-13.836490378138
"283",-15.648702318629,-14.5641108998059,-14.2418418668762
"284",-15.4634012906527,-14.4794530699656,-13.7338707846207
"285",-15.4607707763671,-15.7372952111958,-14.8201226187442
"286",-10.7361996234075,-12.7863767679212,-13.9571900200116
"287",-13.7737240110728,-14.44103931914,-13.9201038850069
"288",-14.4771929856101,-13.6040640870103,-12.9781248501456
"289",-12.7173925065858,-13.1106596188837,-12.3357940455776
"290",-14.2703673593919,-12.1426053018023,-12.1417524844848
"291",-14.6009049093308,-11.6635481515457,-12.0073495879944
"292",-13.5135305478986,-10.8927735808042,-11.7359616617986
"293",-12.4491948059758,-11.9444747584091,-11.3739826487581
"294",-10.5550815519654,-11.4991757675711,-11.3298560849493
"295",-10.5337780747703,-9.3849879870568,-10.2902078366658
"296",-13.50191276114,-9.47412306854432,-10.6157745598213
"297",-15.2549927631879,-11.3499043721028,-10.7372619191586
"298",-17.8039840516055,-12.1340890616129,-11.9933409176534
"299",-17.9689718347067,-13.5800041448232,-11.5334350899791
"300",-14.4529474775626,-12.902539026596,-11.3767432973189
"301",-13.6089174779074,-12.552505990731,-11.5318675063027
"302",-9.94273701818229,-9.3086256182757,-9.64404788103434
"303",-8.76629795707968,-9.42119182473714,-8.8411631072234
"304",-10.3094084500298,-9.51849143972162,-9.64233986660863
"305",-9.07970958629959,-7.76525641550997,-8.90941518064753
"306",-9.61624158594423,-9.19306936289803,-9.20980956199528
"307",-13.1774307819891,-13.3016347259556,-12.6613912458747
"308",-14.315598884832,-13.7707225022522,-13.7201312903262
"309",-13.1285075038121,-12.3057071138938,-12.0381579558245
"310",-14.072602848244,-11.9143313547575,-12.03788002863
"311",-16.8730493985112,-10.7995237389394,-13.0460826035517
"312",-15.4052555439272,-14.0322929077381,-14.41512144108
"313",-14.67140170505,-12.8970815247269,-12.3387401183024
"314",-14.8849086267343,-11.8063168160253,-11.3102192299802
"315",-14.7780697615144,-12.0641649314497,-12.6334623139779
"316",-14.5944926171165,-14.7142282264287,-14.1056605050948
"317",-13.5223546544349,-12.6678020848759,-12.5559561581288
"318",-11.5193065365598,-11.0407002651543,-10.5118702078791
"319",-12.0786064756161,-10.9060385446336,-12.0012421779007
"320",-13.2934416671413,-12.3174209215426,-11.3939667238735
"321",-13.3721325460401,-12.2812708856759,-11.7323266063889
"322",-14.6592721927502,-13.4076967766868,-13.0267319833893
"323",-12.5430801836539,-11.1078443900815,-11.6042494074398
"324",-14.9584417432162,-12.2692635443697,-12.7744996157423
"325",-13.9736055052071,-15.5219816307998,-14.4753947329484
"326",-13.0070662459867,-13.6923340407768,-14.7597781577111
"327",-9.51597370131352,-14.057649349759,-13.7526681958695
"328",-12.4240097346665,-15.8243478231271,-15.5678841630829
"329",-10.7470758741627,-14.4470566283729,-14.0159884075182
"330",-7.64218178020963,-14.3415549868671,-14.1906721932757
"331",-9.66585574386576,-14.2788924715687,-14.983467058747
"332",-9.4967802877514,-14.2299686326368,-14.2082411924588
"333",-9.2340225400079,-11.5931540243646,-13.4362440458182
"334",-9.64885070850598,-12.7091377875113,-12.4545663847719
"335",-12.5284758844011,-13.0035682680085,-12.6632795835138
"336",-14.7664516518322,-12.8934858696605,-13.211380049479
"337",-14.1680960261801,-12.9235124822706,-12.832861197709
"338",-11.8370715881027,-10.8568028658752,-11.3744356117059
"339",-9.3953450819664,-11.7740457162793,-11.3839184850336
"340",-10.2752210262285,-13.0862832989126,-12.6433782428649
"341",-10.340733885911,-12.5685302613632,-12.3269195584189
"342",-10.047246964821,-11.7919461921508,-11.5502446826229
"343",-11.6869197681511,-13.0461189486952,-12.2439354297884
"344",-10.0134620872262,-11.5941901232633,-11.8229817460391
"345",-7.83575757066597,-12.2176152865155,-12.0745091990728
"346",-9.04899359851012,-10.91762407601,-10.8535612654623
"347",-8.59003414208162,-10.9637060395415,-11.6963225681333
"348",-9.9571901235296,-9.09840747654214,-10.0013907351347
"349",-10.018767194826,-10.8066256688483,-10.5886231727216
"350",-11.4965924044649,-12.4523423880487,-12.6079912304019
"351",-13.2981297720705,-13.1804387290176,-12.705116691306
"352",-13.1679485756856,-12.234406399059,-12.3932231968212
"353",-14.0806052444352,-11.8183516372379,-11.9885304383064
"354",-12.4994349521023,-11.301049386534,-11.9451474536575
"355",-17.9967270530362,-15.1265987093217,-15.34907620198
"356",-15.8897790951833,-15.2464071350225,-15.0661904699178
"357",-14.8679429440477,-15.6652996396905,-14.7430294206028
"358",-14.5556984424385,-16.9029094433552,-15.6513026474732
"359",-14.8949867948517,-16.1976056239904,-17.0486581135241
"360",-14.87922335178,-17.3496399340053,-17.3331803551043
"361",-16.2310242833088,-16.5835530580873,-17.6869444075352
"362",-13.6789626177026,-16.3215477017615,-16.3141908266045
"363",-17.4725233727752,-17.9065715062839,-18.0518751368043
"364",-18.3306035131943,-20.0130539587994,-18.2709286162269
"365",-19.4433014052238,-17.7730324972076,-18.7660536852916
"366",-15.3664477572268,-17.4559039450731,-17.861880154445
"367",-16.5284600473204,-19.5695535749975,-18.041916371451
"368",-17.0960429822403,-18.5985485345118,-18.8639366024921
"369",-17.5759507941089,-16.9446020307665,-16.9294500709699
"370",-15.5090880666499,-17.3232695800149,-16.7775840994879
"371",-13.2244052838964,-13.1378199647515,-14.0812155709297
"372",-14.9226312709979,-15.4553648072105,-15.1859828559333
"373",-12.3398213920705,-15.0049338576709,-14.3707654467135
"374",-9.98619038492643,-13.1623471007839,-12.7819016948342
"375",-10.1263673913301,-13.4007174387907,-11.606306509867
"376",-6.54551215274586,-8.97364742566712,-9.50180603885084
"377",-6.61680791940833,-9.94361397633149,-9.23888241887329
"378",-4.55701547633117,-8.64205171532411,-8.25472686589884
"379",-7.41357080906137,-9.06842490942166,-9.31861732651274
"380",-9.16377924462564,-9.03490989563517,-10.6517865836603
"381",-7.50794134003469,-10.628701221247,-10.6212686911968
"382",-6.17440931223173,-9.00970427814204,-8.80059483266622
"383",-7.78322823069977,-9.0942499291777,-9.38213133174159
"384",-8.52440128445581,-9.8599912777545,-8.82846589425659
"385",-6.84168652132325,-8.13052209424562,-8.14622320148719
"386",-5.985998811548,-7.55029519403293,-6.96342056268537
"387",-6.2271834016795,-6.49631786802074,-6.64500893769958
"388",-7.56191604342558,-6.91199167328875,-6.38150636205806
"389",-7.45411876044395,-6.47276698924003,-7.2463718538593
"390",-9.17571323873009,-8.66118307908421,-8.40667426304715
"391",-9.85681166962657,-9.67444447285014,-9.59765047849121
"392",-10.5979886544201,-8.64434504455922,-8.98564037428507
"393",-12.8879356058606,-10.745782931952,-11.4900228466184
"394",-14.8043674622917,-12.5815983138196,-12.1871091684608
"395",-14.5617897479014,-13.6213091376252,-12.8966709385005
"396",-11.4398621263998,-10.4484422442539,-11.7773982642605
"397",-14.6563660231226,-12.5751033051186,-12.426976036258
"398",-11.7255700590993,-11.5947485311517,-11.4746198067087
"399",-10.1266734083288,-12.511900986065,-12.5733426948745
"400",-9.73884749580408,-12.5086067796401,-12.472486025714
"401",-10.8497719962333,-12.5840325686419,-12.3507403252057
"402",-13.3236058291554,-12.9311438998984,-12.2996836954725
"403",-12.309050747948,-11.8190259865656,-11.4642363985696
"404",-10.726705139693,-11.35052889368,-11.5366095761239
"405",-11.9337021340486,-10.9379631497048,-11.1663843779621
"406",-10.1127370199315,-11.2774045161418,-12.475416046006
"407",-10.1306710843576,-12.5069579569156,-12.4517967957088
"408",-13.0302087536472,-14.2425834120357,-13.2151306232436
"409",-13.3859121894177,-14.3422612682895,-13.6991494173491
"410",-13.0959013922172,-13.3196508169293,-14.2640451124768
"411",-12.3118511301505,-14.0646305949565,-13.516498436417
"412",-11.6176696782503,-13.0292633288618,-14.0952247534439
"413",-14.4934847712125,-13.527305233833,-14.2397519534813
"414",-15.0582052283713,-14.1366634464844,-13.295277477312
"415",-12.814712894199,-11.9408080059085,-12.8196227262524
"416",-15.9420351323559,-13.365144726521,-13.9434236997243
"417",-19.5541277150983,-15.7856018579733,-15.1753294673995
"418",-19.1942965684801,-17.2225922427874,-16.454444523826
"419",-16.3708710837124,-15.858918054448,-15.8273794598419
"420",-15.8274445789383,-14.9378500822344,-15.1169996476314
"421",-14.535224041795,-16.1630210229524,-16.5601896692007
"422",-15.6788069476818,-17.5053085666435,-17.7620788564569
"423",-18.4235042858765,-18.2283121855404,-17.7894636749612
"424",-17.9748520079849,-19.1509295439043,-18.5959965647098
"425",-15.7262174048119,-17.8538205764482,-17.3930310794587
"426",-15.3913259106603,-16.0895938740378,-16.0826062545875
"427",-17.3694345921116,-16.8696285779156,-16.422099932498
"428",-16.9886079270864,-14.8584699900894,-14.772863885366
"429",-16.7436278854563,-14.7774781410626,-14.4521411084243
"430",-14.5846461498898,-12.9171380802401,-13.9849589609359
"431",-16.2069908511586,-13.7715794739538,-14.8209799126043
"432",-14.7440908793562,-13.3120678936087,-14.4375949027983
"433",-14.6729182433836,-13.7443249371348,-14.046922183426
"434",-11.8059191728353,-12.6227417095745,-13.4457925862885
"435",-8.63788214969559,-12.1113959103856,-12.669022745956
"436",-8.99304310748585,-10.985902355969,-11.6629468413488
"437",-10.0998892351629,-10.8264340233629,-11.1019554871465
"438",-8.08239453681115,-8.4473340057156,-9.60289580710502
"439",-11.0833476537013,-9.69765312475185,-8.27121945147504
"440",-9.61284621181287,-11.3049773670234,-11.0804781831751
"441",-12.0302051272597,-12.1441065805357,-12.3031536656422
"442",-8.75760634454548,-10.6688680149452,-10.8887666824347
"443",-7.64972207408089,-8.48834852080481,-10.0370615990494
"444",-6.95325119033582,-7.78837555281657,-8.80077639719874
"445",-6.28274490541044,-6.82049096049431,-8.19193050883977
"446",-6.98627888506021,-9.59946672809799,-9.12799287500862
"447",-4.12634232072832,-7.11362716561145,-7.03297884081811
"448",-3.49764747819846,-5.10171114676852,-5.68262754677663
"449",-3.38608246399809,-5.91575049240708,-6.34484879887987
"450",-8.46264488086912,-5.99802404820869,-6.19875092108518
"451",-8.02636754830643,-5.52999266234661,-4.81148399658263
"452",-5.31082758793427,-4.66861055697265,-4.85948798640273
"453",-2.60486410897064,-3.8239539010994,-4.24973453734042
"454",-3.19366542798424,-3.82985167688849,-4.38255542891824
"455",-4.81908315573665,-4.34206383281601,-4.83497804789888
"456",-3.08054517022341,-4.33862060183939,-4.40979423617976
"457",-5.69930874561596,-4.85559039693734,-4.07507048880126
"458",-5.4316379643742,-3.56399315204862,-4.3304807502864
"459",-6.06577286111826,-6.33308815225883,-5.36202975899731
"460",-4.88240145562208,-4.98162190584295,-5.32063051614214
"461",-2.8707881984635,-2.69210294156201,-3.95238475156699
"462",-2.19376327922397,-2.67278202709705,-2.8283477956608
"463",-2.61149064513464,-2.15215722648302,-2.99314855771102
"464",0.373674224961047,-0.784569201074409,-2.29469851232612
"465",-4.55441341614275,-5.20735446060263,-3.17483859031891
"466",0.516177979842432,-3.20611393974351,-3.16683307633687
"467",-1.08495890933342,-2.99963486784579,-3.21913271385842
"468",-3.05834305703804,-3.30932481742593,-3.99649229599145
"469",-2.47405492661867,-2.72793747878552,-4.04551064979076
"470",-5.37240573857771,-4.69014866467172,-3.83778233250141
"471",-4.66638656324769,-3.63535657428426,-3.5938747991724
"472",-5.8074060259743,-3.25620669819471,-4.16149572652774
"473",-5.18148312153667,-3.1737417322265,-3.26711403644305
"474",-6.84551090338132,-3.67424335599761,-3.20161416321022
"475",-3.50383339809486,-2.43382354555701,-3.22061309558241
"476",-1.82062453169318,-3.57400219409232,-2.42004232604925
"477",-3.1340233162582,-2.3259995449782,-2.44769665886165
"478",-5.58273588865658,-3.00348157451998,-3.5918352733359
"479",-6.26844652907365,-4.45525512252189,-3.79239969929335
"480",-5.5944737473305,-3.73763497894752,-4.27198471490592
"481",-5.55879894999852,-5.15911554338065,-5.25139455260807
"482",-5.91044894098543,-6.28541288332344,-6.49993459764506
"483",-5.66869748623701,-7.10142233947834,-7.24462235381625
"484",-6.30520700199221,-7.73508088974889,-7.94086600271342
"485",-8.14378370285432,-7.95241137317017,-8.16188298500062
"486",-8.47309849697949,-8.89336556672017,-9.50371039546963
"487",-11.1968365240536,-11.0187801651687,-9.85110946834751
"488",-11.886951826655,-10.9320354606817,-10.4605518539383
"489",-13.245330035412,-10.3599194365478,-10.342219382911
"490",-10.7321240191211,-10.084176732742,-8.75315267602921
"491",-10.6512217229803,-8.9966623939061,-8.67692723550041
"492",-9.9214495574286,-6.23496547597849,-7.1881699652952
"493",-10.8102117008469,-8.59286596411381,-7.20952548448188
"494",-7.11152668758809,-7.06075913688763,-6.95447866168207
"495",-8.70657582580432,-7.879966079094,-6.84309512763552
"496",-8.68086497821333,-7.87830425348198,-7.25198383383992
"497",-8.72098478239121,-7.65901583125769,-7.63641028676536
"498",-6.68610879064573,-6.42594603959834,-6.61041534668765
"499",-7.7829979292024,-6.3214025967278,-6.34997989966401
"500",-7.20523531491373,-5.39779602775335,-5.91592586448851
"501",-6.94943164949673,-5.71705828625577,-6.14105880340522
"502",-7.49264796664959,-6.3497177794248,-5.59483794891258
"503",-7.14498190131538,-5.130629926816,-5.19392645898364
"504",-7.35612900413065,-4.39085362052172,-3.36548727442916
"505",-7.08207334595081,-2.61550310778941,-2.78505172119256
"506",-6.23959936361171,-4.89093035657068,-2.79315328876183
"507",-1.12341950091174,-0.896179811645706,-1.51875351366518
"508",-2.17224655542597,-2.30011614566726,-2.08251781610497
"509",-3.54200196483841,-4.2950298925375,-3.99351544724093
"510",-3.94244269326582,-5.65090992171858,-5.04635000651356
"511",-3.71759480014594,-6.21601134576244,-4.85091138482684
"512",-4.77484892664405,-4.95454387331346,-4.74241680805137
"513",-4.12795375085872,-4.73349470926732,-3.70522171314976
"514",-2.20189952586989,-2.61454600415937,-2.8039581980828
"515",-1.41304352067947,-3.6684010554062,-3.18051859341051
"516",1.48174328192733,-2.2754787826264,-2.42416858442637
"517",-0.502772958443416,-2.49813637900426,-2.70315429788868
"518",-0.546037537181443,-1.75987348577469,-1.70468738318999
"519",-1.83915439594393,-3.00301405647195,-2.07231662763526
"520",-3.92193248798041,-2.32896905029666,-2.62152970791416
"521",-0.705202229606836,-2.1757700016899,-2.30391300365932
"522",-3.72498698239007,-4.68644584794577,-4.76749090432354
"523",-1.62909492982235,-5.82196132487432,-4.7825526385733
"524",-1.85862581155907,-4.99523760100022,-4.32216537607778
"525",-2.25531761180548,-5.05041971353749,-3.75122071694559
"526",-1.72464243418877,-3.36841037028573,-4.18124112124292
"527",-0.322449810197271,-3.64711321609475,-4.40476456746453
"528",-0.293325687526014,-3.96769627015494,-4.43901607075925
"529",-1.81626054072903,-4.14583246505798,-4.85098935005562
"530",-2.74254854650066,-4.38981341006243,-4.40650620588275
"531",-1.66713023826408,-4.41403553021915,-3.6284313027752
"532",-1.85444449844951,-2.48286573408862,-2.52810193568958
"533",-2.08809483934489,-2.60173910578347,-3.13995283374418
"534",-3.71394801504674,-3.53738419594266,-4.00574719865556
"535",-2.53168074943988,-4.72422015236029,-4.70376983051289
"536",-2.36670550567464,-3.79074066049054,-3.69918514791255
"537",-2.9712191957147,-3.96584981610475,-4.55595917031063
"538",-2.41546935797794,-3.04925906927358,-3.57526581867902
"539",1.52445879062392,-2.71806021890704,-2.20208108342889
"540",0.60081637130232,-2.5158349804837,-3.48089860841735
"541",-1.39126149085218,-4.13160103670404,-3.02455851642906
"542",-3.30335324596153,-2.80259216689028,-2.59371498932908
"543",0.356444687536648,0.261820229751637,-0.514112300979814
"544",-2.59212059737029,-3.08593555845842,-1.70474256755782
"545",-1.69966168217178,-2.89843064504506,-2.63294370514266
"546",0.547623191856345,-1.75762675543954,-1.99298064644637
"547",-0.0334772169741578,-1.24133912406524,-0.31292247898925
"548",-1.08138250341731,-1.77805922369169,-1.49579707825496
"549",-0.84477734124975,-1.10129442528511,-1.73042103081645
"550",-1.40964415647567,-4.79092666850957,-4.09065943743248
"551",-2.15313502601146,-5.27734059096541,-4.78841170460347
"552",-4.51721203490606,-6.80971502399128,-6.8663979990445
"553",-5.86868466407948,-7.84585594639507,-7.14484784586855
"554",-5.35488361511359,-6.75751065637639,-6.45634008279252
"555",-5.65076478847379,-5.10310960195194,-4.39053938051708
"556",-5.32941029454339,-5.56994621770475,-5.19934973982385
"557",-4.48641017649109,-5.44198554941431,-5.58595904581694
"558",-5.52947820768168,-8.22275506979773,-7.52071922162867
"559",-2.42549205688607,-5.69022044778097,-5.3286752678153
"560",-5.46609734547652,-8.20870607724129,-7.2829093013989
"561",-5.33747316798389,-6.49104971608908,-6.48766756708495
"562",-7.21326248354027,-9.01135646231667,-9.25978467864899
"563",-10.7910792050761,-9.49731102547296,-9.23960137287103
"564",-9.36765816213504,-7.35979228294516,-7.90101995402165
"565",-7.22814971202177,-8.5574664625992,-8.32315624570374
"566",-6.81843721294941,-8.70969568966522,-8.24358639088489
"567",-6.8252888736985,-6.84450644427964,-6.93769263961538
"568",-7.4105620815178,-5.61469736510796,-6.61547100351553
"569",-9.80562112508888,-7.92751316464455,-6.12364509715703
"570",-9.47127986397419,-6.510750705606,-5.30915195834038
"571",-8.14374482604129,-7.06424362550747,-6.32319434999286
"572",-7.15338506029037,-5.46023692847895,-6.35873469193126
"573",-5.7595982318241,-6.9197284730622,-6.61327189714292
"574",-5.43887880356236,-7.85850424072122,-7.54055111926185
"575",-3.4301688213818,-5.7476698199064,-5.24970461205196
"576",-4.98897234914204,-5.0087569251399,-5.53508523906868
"577",-2.81353292455337,-3.50629997548869,-3.50653786076341
"578",-3.2322504351369,-3.65809077439169,-4.08398007699656
"579",-4.18044511346945,-2.80144732608585,-3.12310370561335
"580",-1.75451365342748,-3.09964391080193,-2.76976925317741
"581",-4.41897440483154,-5.73658056067351,-4.08052143225549
"582",0.36107838830863,-2.66365646876024,-3.0755069466082
"583",2.06230264292288,-0.451129484651922,-1.12163508359651
"584",-1.21223127658239,-1.36685872339741,-1.27646843443058
"585",-2.45692163064724,-2.2527910516549,-1.61723190171081
"586",-2.1773910405374,-2.64082806120256,-2.51559809211409
"587",-2.44600281522815,-3.25952786263983,-3.37627163377045
"588",-6.24189336902056,-5.37074821425091,-4.72722814537913
"589",-5.88986466966856,-4.2624932628789,-5.34911874547051
"590",-6.66955010089743,-4.46556324276579,-4.97410146064735
"591",-6.77342526403868,-7.05013439301812,-6.47131254579837
"592",-7.02678135885294,-6.44166020970185,-6.86183677186712
"593",-8.58367761734113,-8.00584114399255,-8.16062059465967
"594",-9.7750567397077,-8.02087963242253,-8.85444223095832
"595",-11.272777374899,-7.91141364871186,-8.45032368780778
"596",-11.5986120353791,-8.29809061934368,-9.59395547448603
"597",-11.4812360456419,-10.0215495160804,-9.84342536851754
"598",-13.1649094758893,-10.640661671013,-10.8779810424342
"599",-13.5057858322564,-10.487035046104,-9.16045454725013
"600",-12.1628401655151,-9.62829181461408,-9.07886818355128
"601",-13.1264885652775,-10.1150783048115,-9.57639742369888
"602",-11.6851811574001,-10.800612931477,-10.4248077036907
"603",-10.0837249212947,-12.2106859704185,-11.4511841283741
"604",-10.4117784163254,-10.2332272722576,-11.1261508524278
"605",-9.25243133898253,-11.5363680058759,-10.27463107898
"606",-10.2504837511226,-10.6690776117779,-11.2440184655793
"607",-13.2667992513106,-12.9364777872566,-12.1694873598417
"608",-15.5471946279844,-14.0397062744486,-13.3911987538425
"609",-13.4203962117765,-12.5974743828735,-13.0697113178386
"610",-15.7063152106596,-15.4785953395829,-14.4693267620192
"611",-13.6343163440971,-14.5451053080561,-14.4222066096867
"612",-15.1436332772091,-15.2480209369314,-14.5015832860281
"613",-15.5237479407445,-14.2023797434632,-14.2591733371971
"614",-16.5964329976608,-15.4536538333474,-14.4315745881911
"615",-14.4094777382926,-12.9380986393829,-14.4177870771684
"616",-15.2266482278512,-13.9002131157453,-14.0640377627352
"617",-15.5483001391978,-14.3201055070781,-14.2933151648475
"618",-17.6513050832468,-15.0626821845475,-14.0120448870293
"619",-15.2986021173245,-13.1514784198604,-13.2274169556733
"620",-15.198656648024,-13.4117315107162,-13.5993761703715
"621",-11.5851252667203,-12.2685300869552,-13.1754103482249
"622",-9.10028965986394,-13.9585857330213,-13.4508461496586
"623",-8.41890138887945,-14.68260925121,-13.784557752169
"624",-9.71670061153887,-13.8365265748136,-13.9726694792257
"625",-9.07830982667645,-14.3536107588073,-14.1928315727225
"626",-10.7164762220063,-13.7939121024119,-13.5392299673984
"627",-10.6061370192395,-14.5083081780732,-14.2656179448075
"628",-12.0181112518412,-13.7291616337025,-13.9391574314023
"629",-14.6025368213957,-15.1477951612915,-15.8673829436947
"630",-14.8369630694684,-15.9008843900498,-15.5847199541214
"631",-12.1112528666329,-14.6469576039566,-15.5213618634106
"632",-12.8888997571507,-14.1222131459027,-14.8892756950551
"633",-13.2449715270434,-13.5539322279173,-12.960615889088
"634",-15.9423923859645,-12.7331702516431,-13.5114994134812
"635",-16.4394551558827,-13.1229139319448,-12.3803062181198
"636",-14.3882170077949,-10.7158248286785,-10.8632130451787
"637",-13.5446666788946,-9.81900798184689,-10.0423170359426
"638",-13.7697967716198,-9.09301323630715,-8.65442093022583
"639",-11.0617253240333,-9.43359474988269,-9.85229436794958
"640",-11.3060690849207,-11.0630586473564,-10.5441170092235
"641",-10.5112346339186,-10.0595042839006,-10.6316043893262
"642",-10.8851496328777,-11.784987662401,-11.1415747721287
"643",-12.5916193715079,-12.1124875871621,-11.5940501269016
"644",-10.6571422150603,-10.7336455923458,-11.6222078983614
"645",-10.5915507905559,-11.4845989428485,-11.5759777098328
"646",-10.3412674236075,-10.5770645259244,-10.9081917346975
"647",-8.6980236388074,-10.1573871317809,-9.52129851528733
"648",-8.29613110744278,-10.8543997628462,-10.0568978602648
"649",-10.8445123407498,-11.1746620096794,-9.70696867902814
"650",-10.1127254147143,-9.9743659715833,-9.88667277316519
"651",-12.0282961828105,-10.9017734043881,-10.4574872940397
"652",-9.63518562051364,-8.88558204700906,-9.48970495680463
"653",-8.56421321398604,-10.6471707997209,-9.80014129647488
"654",-7.99754638878336,-7.9198538329431,-9.11565175769006
"655",-7.77723054858773,-10.1074653577202,-9.31398878956832
"656",-6.11822235641564,-8.96270091059099,-9.6640846918978
"657",-6.02697872596352,-9.54294643262475,-8.87693336203348
"658",-6.01411852030611,-8.65700738621216,-9.91710824923404
"659",-10.3193617305149,-12.0322472251986,-11.560825395329
"660",-9.82081889778533,-11.834467602027,-11.3228949351596
"661",-5.54106616607208,-8.59826331509053,-8.89135393200073
"662",-7.03200369344832,-10.2329250117191,-9.25058494707734
"663",-7.37567527298613,-10.6279755475252,-9.66567170715618
"664",-4.67498485885406,-10.0159429909692,-9.8480815197836
"665",-6.84316703568309,-8.98671136696754,-9.26595272580217
"666",-7.16113447954684,-9.52646459743155,-9.80824762964501
"667",-8.75330018023918,-10.4752788483686,-10.3882666474286
"668",-11.7244309645528,-11.204003506658,-10.9143678289712
"669",-13.3058600794829,-11.6727375942025,-11.5050156441888
"670",-13.138207515759,-11.1382728006329,-10.9646844367998
"671",-12.621867900382,-10.3308637836566,-11.5504490498214
"672",-11.7647850344067,-11.4825447745012,-11.937428454463
"673",-14.0957510795696,-10.7327992116021,-10.9612758362084
"674",-14.416214271537,-10.5290710713776,-10.454666918127
"675",-15.5968048819324,-10.699376293657,-9.85097176686799
"676",-16.9393829156432,-10.2064363565102,-10.6288769834431
"677",-16.3733119842763,-11.6603937916125,-12.5794169332492
"678",-15.7561794214923,-11.6058719772774,-12.2019071509108
"679",-14.0947023318569,-9.63550144378494,-11.2874421325474
"680",-14.3591054031827,-11.7230367975731,-12.054150590319
"681",-14.7101641406277,-12.1525720212571,-12.0303172148783
"682",-13.1258241594012,-9.8921748048573,-10.3023565260028
"683",-11.5372928082326,-9.54352502979848,-9.33883201781218
"684",-11.9244925473037,-7.59494214038341,-8.69155532947903
"685",-10.8683739567139,-8.0218146051624,-8.43465807333533
"686",-9.49818153366126,-10.5106401039443,-9.73045538888049
"687",-9.72510615310881,-8.90163733733296,-8.69605602732524
"688",-9.96651906306308,-9.16236578780663,-8.22919455424395
"689",-6.1289778076603,-6.7736478650504,-6.75582603034924
"690",-7.00766510924878,-7.30530467608148,-6.99886060233781
"691",-8.12040966528738,-6.85090752749348,-7.23508184696259
"692",-7.86284087813749,-5.59454272718822,-6.67090406529179
"693",-8.7848899941789,-6.92697579676263,-8.40927590296865
"694",-11.7175985631358,-10.4628887691449,-10.1321161847034
"695",-14.4681619129953,-11.9755522095625,-11.4403528144018
"696",-15.1218575857119,-13.3349051294161,-12.6432958239867
"697",-15.2470289787268,-12.4191402826068,-12.2830297651196
"698",-15.2059479953694,-13.5116055116727,-12.6240844423087
"699",-14.789703401644,-13.1264636613688,-12.7069242741808
"700",-17.0552408454037,-13.8639629740839,-13.9543388701983
"701",-17.4311796216933,-14.2853551083143,-14.0418882166375
"702",-12.7822869662269,-14.2434198743833,-13.0618226121959
"703",-17.7225569865793,-14.8552729101475,-14.3926607433819
"704",-15.9170084960172,-12.4597116743145,-13.7201934439445
"705",-18.9987004404102,-13.9265308137197,-13.7900008181506
"706",-17.119608133397,-12.2973975123256,-12.7959540058556
"707",-14.3216644729901,-11.2950462427267,-12.3065623324263
"708",-15.1668435250447,-15.4722129330245,-14.5235631857206
"709",-14.3754696054412,-15.2188550517933,-15.2886960242213
"710",-13.3636603478898,-14.2341405937198,-14.6496286919048
"711",-13.8928793144939,-14.9544586067695,-14.5710065173244
"712",-14.8443782618473,-15.6588484373196,-15.1990276375119
"713",-13.1213111586917,-13.4395994013895,-14.3081659925108
"714",-15.60222839418,-15.1739557680615,-14.6788218698957
"715",-9.27616328998456,-10.6134117763921,-10.725011242465
"716",-8.36979339639819,-9.62010170146656,-10.6601004684484
"717",-9.45260286045253,-11.1943579222403,-11.8866098742826
"718",-10.9353299356805,-12.1753841686671,-12.0486472890663
"719",-10.7962349536924,-11.4389802036324,-12.2705931910322
"720",-13.4483579674663,-14.3855260622723,-14.7387669375801
"721",-16.2832086147014,-15.3308889895813,-14.8612234790408
"722",-19.0383125782747,-16.4062764776915,-16.6639574234196
"723",-19.8087579223963,-17.2506224428406,-16.8859404949032
"724",-18.9474300991977,-16.1627341829527,-16.7674706176465
"725",-16.989047763957,-15.4029319477598,-16.0130631255291
"726",-16.2778345138928,-15.3772916606411,-15.3078569397689
"727",-13.1046044905972,-14.0739647466571,-14.4542347879615
"728",-11.4397258283208,-12.5765426416299,-13.6395822633931
"729",-15.2210567059791,-14.8512184644578,-15.1346291220687
"730",-15.6647068501855,-14.8425353675228,-15.9151941633077
"731",-15.8506352607252,-14.2358694158219,-15.9659974620376
"732",-19.7306194975125,-15.4653760138687,-15.8274072396316
"733",-20.5244712034211,-16.1588070550855,-16.2947393703677
"734",-15.524112024255,-12.726132971099,-13.0635224804736
"735",-16.1255894644528,-13.9126611581259,-13.5681622615682
"736",-15.8113916358351,-14.832565987356,-14.2391193613397
"737",-14.2815574860967,-13.4219139065138,-13.6494563646887
"738",-12.2283643969893,-14.1807951268108,-13.3254044301595
"739",-12.2424348050406,-14.1650482914976,-13.7794386776836
"740",-9.01945227871341,-11.7696428221452,-12.5607637119939
"741",-10.1612493377097,-11.460146905891,-11.4401920226881
"742",-9.58445711941456,-12.7896798286185,-12.6168415782552
"743",-9.52564018670372,-13.411870064556,-12.9669460114764
"744",-11.2732491554232,-14.0410372737913,-12.8106889874369
"745",-12.9747380384575,-12.7249453013987,-13.3559235850111
"746",-13.8687936399966,-13.6809287662837,-13.1109150429523
"747",-13.0671631411742,-10.8934680850973,-12.0518597056186
"748",-15.5479959579544,-12.401213859583,-11.4432940518741
"749",-11.3456132423872,-9.50535592062495,-9.87292709625715
"750",-10.4253426833911,-8.68120049424175,-8.63932421780476
"751",-12.3972497121529,-6.42863789722307,-8.25091180593622
"752",-17.9980270355168,-10.2644394208276,-9.89013692249875
"753",-14.597783055284,-7.33398244820798,-8.43701164171814
"754",-13.3050575433662,-9.67219398545383,-9.40425245532236
"755",-12.6686216270628,-8.83641236978145,-9.96083486629986
"756",-8.5457524279059,-7.67180270243476,-7.96450537135291
"757",-9.37312106590726,-8.60471114995395,-7.93560091101018
"758",-5.47895021707877,-6.04149942567731,-6.08585108740525
"759",-1.58097133727302,-3.945871433633,-2.93175913789484
"760",0.135800321849601,-2.75474390365923,-2.3126762768596
"761",1.10086293448178,-2.39589182424518,-2.22408633167049
"762",-2.98271768420656,-1.95282378673912,-2.12287512577683
"763",-3.7227371638113,-1.36102571944721,-2.34971836023036
"764",-3.59850497998002,-1.91938928281476,-3.86092118883339
"765",-7.10271560581834,-4.88459296467717,-4.0724447970043
"766",-3.63404210914441,-4.19819055542946,-3.03780416226289
"767",-4.50562306566448,-3.74798397084236,-4.01378228253771
"768",-4.87491581295619,-3.13140239880957,-2.78363741120739
"769",-4.11781636376448,-1.28010360661347,-2.56001422457541
"770",-4.59845971979753,-2.54241038665902,-1.71754300441681
"771",-4.6814153559992,-5.59835853633099,-3.92266666052207
"772",-1.45846587627668,-3.63015368216589,-4.04045038862054
"773",-2.69083890222323,-3.24075801644439,-3.55213939877903
"774",-4.81876975356074,-4.02687888771042,-3.66596854558958
"775",-2.25474523459814,-2.84730682466871,-3.59362757932239
"776",-1.82622179191301,-3.54463783873491,-3.64126729688903
"777",-4.75111484697363,-3.54331558432987,-3.16668424235796
"778",-4.69943671715225,-0.73149392542094,-1.55804620690292
"779",-3.27968801390968,-2.19577491206706,-1.64929897030959
"780",-4.10240917125878,-0.910101700114436,-1.73902133978838
"781",-4.70951019938383,-2.75110784936781,-2.93420469036443
"782",-5.57001037015802,-3.07892606452956,-3.13990423854424
"783",-8.32488626878324,-6.47205464529833,-5.37382203754066
"784",-8.09405841653346,-5.37169187733211,-5.11250846547707
"785",-7.2281258451996,-4.58691351977134,-4.17922521271649
"786",-5.72788358146722,-4.19722896084749,-3.85761525805004
"787",-6.68243741885949,-5.72991123283599,-5.00558445935415
"788",-4.92208033718708,-5.36540513307479,-5.42526153385298
"789",-3.20597433100304,-2.79283650839156,-5.04326701494302
"790",-4.83430719668193,-5.86898437910825,-6.33753492262018
"791",-5.23988104567278,-6.12497471611239,-6.19656043034034
"792",-5.22343214770691,-6.33923962613688,-5.95650774699828
"793",-5.11481820290406,-5.28215278750204,-6.52109338772322
"794",-7.20760383709162,-5.75281005393667,-5.55168539475438
"795",-7.78074805403379,-6.68656051211249,-5.77285024538935
"796",-5.57578873377285,-3.51177925905945,-4.59016552304935
"797",-7.28154415484897,-3.69560959024114,-4.96760457155735
"798",-8.3715724138333,-6.20837330543022,-5.40754832706908
"799",-7.34854992170136,-5.89269870334763,-5.6842880129088
"800",-5.73293161589358,-5.26717298868267,-5.23026616850263
"801",-5.6077165933939,-6.3396788382692,-5.4263428670217
"802",-2.51589512640515,-3.19569792624967,-3.89103380581297
"803",-4.37253159017297,-5.71561511343724,-5.7982058206544
"804",-1.90440309801417,-4.29288070044975,-4.88773551066334
"805",-3.5068400606058,-5.08206073216254,-5.07408865598791
"806",-3.8934348162266,-3.80668133773552,-4.56494347659344
"807",-8.58267763108494,-6.07018033398453,-5.77771352783178
"808",-8.23716090850863,-3.67166377870229,-4.43395685209297
"809",-8.22191803776129,-3.95090172690408,-3.64526028536603
"810",-7.63829953488727,-2.35070508139765,-3.04108478126037
"811",-7.18782489639277,-2.40116006838834,-3.19714727151544
"812",-6.18495396062824,-2.84967229021005,-3.4531302813472
"813",-6.86383831723801,-5.68935907455644,-4.37568150701405
"814",-5.42465646578184,-3.12733911371271,-3.21445281648048
"815",-1.85086279289241,-0.875814069200627,-0.934075015075901
"816",1.52087316813973,0.138386275468719,0.904924653714545
"817",0.803913451256938,-0.246300835000936,0.301206774789101
"818",-1.29418804091214,-1.18131138823121,-2.04406266078608
"819",-4.87160949729932,-5.34882435768714,-4.53637957877049
"820",-7.2045936352493,-5.93155783790482,-4.80336538700581
"821",-4.19724441025555,-3.63001597221484,-3.83014121285249
"822",-8.37235289972406,-4.5546573086648,-4.90453786888794
"823",-8.7203780032928,-4.81813335344388,-4.21451884357337
"824",-6.8300763861503,-3.02079291302301,-3.12975453406125
"825",-2.63979426295976,-1.43952411394497,-2.13203344261655
"826",-3.02840353696245,-1.88424352982019,-2.15848066468959
"827",-1.4277822214934,-1.36277761400267,-2.04241893261767
"828",-3.65180234751742,-2.1283908000166,-2.81278696290437
"829",-0.724706785749213,-2.39576260363804,-2.84695609306206
"830",-0.0368982908285194,-2.7666721923072,-3.06693933588779
"831",0.247496595850178,-3.52482040504951,-4.22999795690037
"832",-3.41559493796606,-4.59844395727457,-6.32080146720518
"833",-5.34409662485929,-7.27038911590772,-8.08036674735989
"834",-8.4159553947749,-8.07417438182601,-8.05099815223787
"835",-11.7136762144167,-9.86820515651254,-8.89545910616761
"836",-9.60121678772991,-9.2144187757586,-9.56214646458033
"837",-9.32444039898734,-8.35188476502989,-8.45662227336104
"838",-7.73065497496078,-7.54823395845274,-7.30959794330688
"839",-5.71210525646727,-7.84345818105643,-7.24837746371659
"840",-2.37900466166845,-5.14093966149849,-5.82233698061683
"841",0.0724628590838501,-4.63776502579906,-5.35717578777674
"842",0.0204001890071446,-4.37406224521162,-4.96267358170411
"843",-0.947061170607465,-3.44527647032922,-3.65459745352594
"844",0.460129932580194,-1.84905527980354,-2.16169861668316
"845",-0.127405236706769,-1.80300309954469,-2.90546601139045
"846",1.31026299814038,-0.585387872530213,-2.16035272723253
"847",-1.06203807313292,-1.24005610836881,-1.97825473738106
"848",-1.93088323229161,-1.5603103586354,-0.879702615112583
"849",-0.431828872787105,1.26223936542328,0.273224478658283
"850",0.726899741204428,1.56422104480693,1.48519614269377
"851",-0.225965624978397,1.61766805761223,1.78813364232031
"852",1.36574485692992,2.81211483721537,2.68663677074177
"853",1.21173043954266,2.87156281171031,1.8869404720928
"854",3.4978894665024,3.89359196447765,3.02220570539536
"855",4.81212135532454,4.2548927659306,4.76202443080626
"856",5.52601399334476,4.88178946058226,4.73037489773
"857",3.58513693907258,2.41702777537421,3.95409557919956
"858",3.64406252649259,4.10800520286392,3.58758452744792
"859",2.35089576017082,2.32403202727146,3.06054613372627
"860",1.3013106329208,3.08354112689923,3.23618985541498
"861",-1.72003213858876,1.74885390436171,2.19661839613683
"862",-0.0541108185542813,1.63551884038439,2.26766658432506
"863",-1.23036785346872,1.83749781270263,2.11782904445071
"864",-1.64628840657355,2.11630612251328,2.66305481561758
"865",-0.647065186002542,0.886195957848255,0.760686766411796
"866",-1.29431161920549,-0.333936380695451,0.588887650980457
"867",0.00909320576889749,-0.503544444663824,-0.926429628089363
"868",0.0574157535375706,-0.446684442114947,-0.26009404688028
"869",0.571270495773825,-1.10642541350206,0.452804812223246
"870",0.951169389396182,0.980475386700342,0.661192611204086
"871",1.04773132224368,-0.675468484210067,-0.114443423973489
"872",3.16045078593768,0.579441900466797,-0.267315007362817
"873",5.39289677868724,1.54802413750264,0.0109694459692022
"874",5.53043005751983,2.15855080203813,1.0066791313484
"875",6.53557508531726,2.77446918742323,2.26500263535911
"876",5.0532322196468,1.03810893616127,1.37685422548827
"877",-0.551756130633829,-1.25956884032571,-0.186905546128598
"878",-0.87060757798532,-0.933214504011415,-1.10963138168478
"879",-0.706479024625597,-1.72639572478666,-1.92990260810557
"880",0.862736460948243,-2.09593529085585,-0.953698790469572
"881",3.493741356421,2.93043034224997,1.49466897830179
"882",1.15584214016065,2.25180528081748,1.21150354208575
"883",1.81179770686703,0.581577521548529,0.724354752684875
"884",4.82238086825482,1.96407630056113,2.86373228638806
"885",2.30670167428829,2.48550726517951,3.00893085214307
"886",6.26007230791384,4.21824127182391,3.36028095031504
"887",5.31687305383292,2.0261043516322,2.98341076069974
"888",4.87374586372878,3.63987448150319,3.37207717314148
"889",5.50503156211559,4.50274026630965,2.84401146949864
"890",1.78348214333717,0.623405763930506,1.29910635285566
"891",1.5986544174593,1.06968510502203,1.36613153143826
"892",1.57182856924168,2.78582266269306,2.20214886153154
"893",1.03250583981025,1.67248627611109,1.56386907000915
"894",-2.92712809991309,1.00725285976183,1.55033081178075
"895",-2.18254323697461,1.40777692619747,2.5950698657323
"896",-0.322569623445335,3.12163628500343,2.43371554302324
"897",-0.346747596297758,3.12006362489911,3.39986639320247
"898",1.34317303426915,4.92995135089565,4.33566522104272
"899",2.3943933554875,4.0042014279745,5.23966882057874
"900",3.5547328226101,6.34090113523033,6.10173246154042
"901",1.79999025157188,6.5237096995182,6.70910393246729
"902",3.59736521670426,6.90531087521737,6.24357544206993
"903",7.40038048459998,8.21223571687069,7.33813309739398
"904",5.28709450820692,5.43634204566624,6.66656010337808
"905",5.87525564607838,7.29145514405845,7.02036557727056
"906",4.64961161858577,8.34338462336715,8.31675207329106
"907",3.84052182700859,5.76320756291277,6.14684414860568
"908",5.15135393254152,5.24075091529702,5.26938720234798
"909",6.91485203291235,6.49770474964256,5.03237028446397
"910",6.96204867042173,6.30376707350071,6.24141958221508
"911",9.04240886903426,5.4830259152685,5.53735903981532
"912",9.95307271317878,5.61047700171267,6.68694106776945
"913",8.95871205565254,6.31984556813048,6.51972086735779
"914",8.40326229242233,4.47201226511322,4.57917439868487
"915",6.40037421429479,3.08149567467351,3.1868664606402
"916",4.50851197295938,3.14441669171057,3.27933432923548
"917",6.89389409409612,4.89148825827372,4.28361242021897
"918",3.83136180494986,2.75083571551864,2.44377200063704
"919",3.51669658521817,2.07126558072349,1.59711415859963
"920",2.952966733966,1.73615166251441,0.850872523510906
"921",2.06445589426077,0.219445782187154,0.20716004710384
"922",-0.919798595186398,-0.901334354503062,-0.755558431266622
"923",0.251321787072971,-0.694416570164773,0.386502081450747
"924",0.477797233871222,-0.132690971582638,0.622622533221922
"925",-1.4523781236217,-0.188966141218257,-0.255528183462472
"926",-1.70859209590447,0.829118871493857,-0.171419773361528
"927",-1.2154821325059,0.440095814359281,1.29595600189652
"928",1.38542327451138,0.713277840247061,1.92106409447345
"929",2.88802880061971,3.49736043365343,3.57255717629695
"930",2.96410202158225,2.37099976755585,3.02997335476995
"931",0.305401027521924,2.34031837965697,1.61296103771373
"932",-0.309754639618055,1.9671342952849,1.73331461815326
"933",1.49316473107235,2.37245269764747,2.68059699023745
"934",3.27622324716198,5.24515691604504,3.86736267644358
"935",2.21584164223351,3.95316260804019,4.56998350326741
"936",2.37423954159661,3.92711364756842,4.50279875742229
"937",1.40540696258726,4.30063512982907,4.81274365169728
"938",5.09182391827198,7.50223784606749,7.3352111675153
"939",7.08254071181814,9.41447967968823,8.72818592985657
"940",9.99536362627184,10.3282637095032,10.0049216417442
"941",9.96258355873168,10.3336818189229,9.62113534107249
"942",10.8860303929617,10.7307003653355,10.0943713835068
"943",11.2804638799012,10.0235253826776,9.79526853681632
"944",9.9988461546334,8.56068575651049,9.56566217577293
"945",9.53061154297943,10.0765302135809,8.92227890134722
"946",7.34886012927543,8.1637046409322,7.96040972191537
"947",8.95270317956459,7.46345795288341,6.64835113192293
"948",8.34238526519077,5.4804902182366,5.87278649379325
"949",8.45468069558364,5.44490534465726,5.05389942256608
"950",8.49855025935105,5.04421864233121,4.7546049517729
"951",6.82527230962124,5.19934924165279,5.29903648940702
"952",6.01783339690986,2.84599203907892,3.24458787221952
"953",6.59685787841166,2.69512337205528,3.20201528441823
"954",7.01136222749108,2.99731621834191,2.87039286818138
"955",7.56434910820265,3.74403327971177,3.64422452270396
"956",5.99799816861971,2.49412126613718,3.17089271183532
"957",4.65383292846907,2.22884529390582,2.82372618901582
"958",5.40471108617348,1.62637799822365,2.00168028011193
"959",4.97987781380461,1.65950178726968,1.54770953270902
"960",-0.797134597215591,-0.378988465015741,0.175779293243637
"961",-0.395163501292905,0.009634156352248,0.118270904155523
"962",-0.480079872552894,-0.285786102005271,-0.170931110116411
"963",0.904184556841276,0.849288159876316,0.184353067704874
"964",-2.02776550551945,0.0338471028584355,0.290003131063812
"965",-0.441734893111156,-1.12213465343658,0.138828555382761
"966",0.839036618720297,0.693140021522988,1.1388561165447
"967",3.15198733135797,2.66214945303192,2.8126794660125
"968",3.11656242002739,1.72656793576729,2.44104580737491
"969",1.42916778342461,0.336813919621731,0.497305505143655
"970",3.89356708188846,0.907171736311589,1.20787523707898
"971",6.86834724529257,2.1639877289111,2.20699063231148
"972",6.83509359298596,2.3333995765443,2.44233646586954
"973",5.36945344270858,1.53176176128388,1.49475919698329
"974",2.43076412361866,0.448653964864529,1.07270665968366
"975",3.88382876601051,0.798035380632086,1.23211518158916
"976",5.89261110276485,0.951245039530637,2.31771962281145
"977",4.5270072183171,0.765209729998127,2.1662899026628
"978",6.65784605265782,2.5564863584474,2.39080813688957
"979",1.50884768037329,1.48353670776688,1.01881843259027
"980",2.93939927269442,2.20789733054674,1.55557349307957
"981",4.48567069680468,1.86456546961635,2.55785042793528
"982",3.85813920682325,3.23544547854177,1.83599099299051
"983",0.156798289030832,0.255701130461248,0.842780225733535
"984",-1.68094679619877,-0.0525432128789519,0.345285186149108
"985",3.27112296351494,3.31884963284059,2.31673856780915
"986",1.00115138865108,1.90295930942106,2.59824182825184
"987",3.50729072955016,3.30749301221393,2.01229224670281
"988",1.29532054764095,1.59248318655768,0.65964645158327
"989",2.34457950417891,2.38256507791371,0.659809862020709
"990",-1.0082400331988,0.435234546021211,-0.377149788928295
"991",-3.20878263209159,-1.92349350535324,-2.2958484419728
"992",-3.42660405202039,-1.52076516556006,-1.01981232219406
"993",-5.13488199461872,-0.564666521657158,-0.712444189447535
"994",1.17966559896398,1.15377377881942,-0.125751783947213
"995",0.334527243767882,-0.154239898938685,-0.505183460535198
"996",0.243694894291432,-0.0496925073046433,-0.0700425128952906
"997",1.21702983399315,-0.127857644268661,-0.926128586546118
"998",2.55261105353297,-1.25741218238428,-1.53534642952558
"999",5.07346559285714,0.424320094372797,-0.303454764477562
"1000",5.35252548661772,-0.515006072025667,3.5527136788005e-15
